timesteps,iterations,reward_mean,value_loss,policy_loss,entropy,clip_frac,kl
NA,NA,,,,,,
NA,NA,,94.0609733581543,-0.009530908335000277,-2.837823176383972,0.00078125,0.0014928913
NA,NA,,57.79559211730957,-0.0060658656992018225,-2.835672616958618,0.01240234375,0.0037038985
NA,NA,,43.788696670532225,-0.057173348404467104,-2.8297496795654298,0.15478515625,0.025796488
NA,NA,,37.187089920043945,-0.06337615959346295,-2.8228520154953003,0.246484375,0.038921338
NA,NA,,28.85157871246338,-0.05429908633232117,-2.8152068853378296,0.213671875,0.033820134
NA,NA,,24.523917198181152,-0.058109536021947863,-2.8072949409484864,0.2599609375,0.04158251
NA,NA,,18.6810661315918,-0.04084425326436758,-2.7993816614151,0.23671875,0.032845296
NA,NA,,16.623248863220216,-0.04086166378110647,-2.7907681465148926,0.2111328125,0.03779825
NA,NA,,15.146049118041992,-0.025601709261536598,-2.7817687034606933,0.1970703125,0.023191197
NA,NA,,12.865503692626953,-0.013192044803872705,-2.7705320358276366,0.04619140625,0.010191822
NA,NA,,13.578222465515136,-0.01336858868598938,-2.7601689100265503,0.12529296875,0.016512748
NA,NA,,12.747915649414063,-0.005114556360058487,-2.7498565673828126,0.0025390625,0.0035072847
NA,NA,,12.276799488067628,-0.005138512561097741,-2.741039538383484,0.08701171875,0.009541761
NA,NA,,12.223354148864747,-0.0026135365013033153,-2.7330073356628417,0.019140625,0.006702789
NA,NA,,11.782080459594727,-0.0049833466298878195,-2.7263309001922607,0.077734375,0.009203142
NA,NA,,12.138305473327637,-0.0023316781036555765,-2.7182976484298704,0.00712890625,0.0053073866
NA,NA,,11.530077457427979,-0.0038625326240435244,-2.71458101272583,0.0830078125,0.012193082
NA,NA,,11.565964317321777,-0.0012040856294333936,-2.7143039226531984,0.0037109375,0.003949894
NA,NA,,,,,,
NA,NA,,10.675863075256348,-0.0029069148236885666,-2.7068675994873046,0.0671875,0.012692347
NA,NA,,10.92410364151001,-0.0008550434838980436,-2.703909230232239,0.00126953125,0.0027747918
NA,NA,,11.944568920135499,-0.0015350819565355777,-2.698304319381714,0.00361328125,0.0042734784
NA,NA,,11.154501819610596,-0.0017750584869645537,-2.693485474586487,0.02978515625,0.0073206797
NA,NA,,10.758981609344483,-0.0013612022623419762,-2.69041588306427,0.00400390625,0.0042999815
NA,NA,,11.141000366210937,0.0003517483361065388,-2.689167833328247,0.0,0.0017061837
NA,NA,,11.376726150512695,-0.0009769088355824351,-2.688633608818054,0.02685546875,0.0063720923
NA,NA,,11.664843654632568,-8.478539530187846e-06,-2.686007189750671,0.0,0.0004295098
NA,NA,,11.01579761505127,-0.0012037373380735517,-2.6832149744033815,0.00234375,0.003708623
NA,NA,,11.2191312789917,0.000600697728805244,-2.679673933982849,0.00048828125,0.0024245218
NA,NA,,10.766679668426514,-0.003330598259344697,-2.6786552906036376,0.06171875,0.011581951
NA,NA,,10.772599411010741,-0.0014500509714707732,-2.679112410545349,0.05634765625,0.007372473
NA,NA,,10.08239393234253,-0.002249345928430557,-2.680157113075256,0.0150390625,0.007466613
NA,NA,,10.881899642944337,-0.0017111475113779306,-2.677142381668091,0.02451171875,0.0069304532
NA,NA,,11.454360675811767,-0.0009188371011987328,-2.6748619556427,0.00576171875,0.004471371
NA,NA,,11.070788288116455,-0.0012447251006960868,-2.671425151824951,0.0107421875,0.00599883
NA,NA,,11.210692977905273,-0.001376627490390092,-2.667261838912964,0.01748046875,0.0061910236
NA,NA,,10.23449068069458,-0.002197988657280803,-2.6649184942245485,0.00576171875,0.004406898
NA,NA,,10.292329406738281,-0.000409661908634007,-2.6641395807266237,0.00478515625,0.003993744
NA,NA,,,,,,
NA,NA,,11.241491317749023,-0.0014384815469384194,-2.665358781814575,0.0078125,0.005379196
NA,NA,,11.280358028411865,-0.0005686120828613638,-2.6674044847488405,0.02890625,0.0065524513
NA,NA,,10.988333034515382,9.583677165210247e-05,-2.6695611476898193,0.0,0.00050710846
NA,NA,,11.099743461608886,7.299515418708324e-05,-2.6707767724990843,0.0,0.00019419234
NA,NA,,11.422075271606445,0.00020060965325683356,-2.6720657348632812,0.0,0.0012494501
NA,NA,,11.791614055633545,-0.00014399890787899494,-2.673660659790039,0.0,0.00089380576
NA,NA,,11.42428960800171,-0.0028557774610817434,-2.6745118379592894,0.03564453125,0.008891723
NA,NA,,11.311375331878661,-0.0035880254581570625,-2.6750115156173706,0.07529296875,0.011948661
NA,NA,,11.342116451263427,-0.0010569174541160465,-2.6749143600463867,0.0107421875,0.005700226
NA,NA,,11.728256130218506,-0.004427849920466543,-2.6738936424255373,0.01630859375,0.0069126235
NA,NA,,10.899931526184082,0.000827413029037416,-2.671404814720154,0.0,0.00081258756
NA,NA,,11.605714988708495,-3.132878337055445e-05,-2.6691200971603393,0.0,0.00048774702
NA,NA,,10.59006462097168,-0.0029042901704087855,-2.6675825834274294,0.05615234375,0.010919459
NA,NA,,11.13863172531128,-0.002636842243373394,-2.6661505460739137,0.03193359375,0.009699816
NA,NA,,10.834635066986085,-0.0009766625007614493,-2.6668249368667603,0.0130859375,0.005714784
NA,NA,,10.771381187438966,-0.0013727996964007616,-2.6669545412063598,0.004296875,0.0042801527
NA,NA,,12.951971244812011,-0.0034106559585779907,-2.6652972221374513,0.006640625,0.004496725
NA,NA,,11.400466346740723,-0.0033203000202775,-2.663923954963684,0.06494140625,0.012449412
NA,NA,,,,,,
NA,NA,,10.965823936462403,-0.0010509768035262823,-2.6621692180633545,0.00830078125,0.005166249
NA,NA,,10.890031814575195,0.00017901008250191807,-2.6634575843811037,0.0,0.0009287202
NA,NA,,11.192994022369385,-0.0006070730509236455,-2.664499521255493,0.0,0.0004552963
NA,NA,,11.116253471374511,-0.0008505687117576599,-2.6638840198516847,0.001953125,0.0035539148
NA,NA,,11.46073513031006,-0.0030707500176504255,-2.660635805130005,0.0697265625,0.012145115
NA,NA,,11.531272888183594,-0.001202583615668118,-2.656935214996338,0.00537109375,0.0048947977
NA,NA,,11.815188598632812,-0.0014414221048355102,-2.651215672492981,0.048828125,0.009470908
NA,NA,,10.454728031158448,-0.0004076802055351436,-2.6475472927093504,0.0,0.0011126325
NA,NA,,10.513373470306396,-0.0026807445101439953,-2.6483049392700195,0.02001953125,0.008568655
NA,NA,,11.07243824005127,-0.0008264263509772718,-2.647957468032837,0.00439453125,0.004653481
NA,NA,,11.22363567352295,0.0007312819710932672,-2.6507153511047363,0.020703125,0.0050993343
NA,NA,,11.499399566650391,-0.0025312549201771616,-2.65317907333374,0.037109375,0.008882521
NA,NA,,11.36066370010376,-0.00039576501585543157,-2.6534414291381836,0.00087890625,0.0026130327
NA,NA,,10.883231163024902,-0.00039610767271369696,-2.6517777919769285,0.0,0.0013496018
NA,NA,,10.69731969833374,-0.00346286843996495,-2.6516244411468506,0.091015625,0.014255157
NA,NA,,10.27160997390747,-0.0012986255576834082,-2.6507139205932617,0.02626953125,0.0076480666
NA,NA,,11.115083312988281,-0.0014712913893163205,-2.649635887145996,0.00078125,0.0025450925
NA,NA,,10.719215488433838,-0.000611461466178298,-2.6488409280776977,0.001953125,0.0033738026
NA,NA,,10.360230350494385,-0.0013002240797504784,-2.649885416030884,0.03828125,0.008411307
NA,NA,,,,,,
NA,NA,,10.590000820159911,-0.0012555800145491957,-2.6517813205718994,0.00478515625,0.004649158
NA,NA,,10.529292392730714,0.0003047763369977474,-2.6528352975845335,0.0,0.0009107486
NA,NA,,11.380236339569091,-0.0007199236191809177,-2.65482919216156,0.00283203125,0.0034976979
NA,NA,,10.938119602203368,-0.001018378313165158,-2.656452488899231,0.0126953125,0.005778846
NA,NA,,10.568913078308105,0.0007368168327957392,-2.6581528902053835,0.0,0.0010597189
NA,NA,,11.327556896209718,0.000764861679635942,-2.659373569488525,0.0,0.0011921672
NA,NA,,11.50111265182495,-0.0016242733225226402,-2.659877586364746,0.01748046875,0.006754718
NA,NA,,10.674901676177978,-0.0017489119432866572,-2.659114408493042,0.00302734375,0.0041025267
NA,NA,,10.359696388244629,0.0006459749769419431,-2.658496594429016,0.0,0.000585416
NA,NA,,11.171577262878419,-0.003711237176321447,-2.659205508232117,0.069921875,0.013238943
NA,NA,,10.733396911621094,-0.0015851150499656796,-2.660560631752014,0.01337890625,0.006012682
NA,NA,,11.4660493850708,-0.00021183702629059553,-2.662846875190735,0.0,0.0016548369
NA,NA,,10.736003971099853,-0.00018869795603677632,-2.666121768951416,0.0,0.0005897573
NA,NA,,11.177562999725343,-0.0028473167680203916,-2.667674016952515,0.020703125,0.008600236
NA,NA,,11.427933311462402,0.00018873545341193675,-2.6673911809921265,0.000390625,0.0017765714
NA,NA,,10.981185054779052,-0.001660370419267565,-2.6645880699157716,0.02412109375,0.007866816
NA,NA,,10.377206516265868,-0.0020433185622096063,-2.663403582572937,0.0388671875,0.008536601
NA,NA,,10.167735290527343,-0.00047116978093981744,-2.6623106241226195,0.0005859375,0.0024747136
NA,NA,,,,,,
NA,NA,,11.52590045928955,-0.0018977158004418015,-2.6604464769363405,0.00634765625,0.0046523386
NA,NA,,11.442365169525146,0.0006995044648647308,-2.6598417282104494,0.0,0.00092518877
NA,NA,,10.328146934509277,-0.002105639036744833,-2.65922589302063,0.0044921875,0.0045866943
NA,NA,,11.161962699890136,-0.0022916763555258512,-2.658693766593933,0.02578125,0.0071390388
NA,NA,,12.258033084869385,-0.0012730162125080824,-2.6592926502227785,0.00390625,0.0040077744
NA,NA,,11.12656364440918,-0.0034271825570613146,-2.661005973815918,0.0466796875,0.011698226
NA,NA,,11.360845470428467,-0.0008532669860869646,-2.6602126121520997,0.0119140625,0.005451299
NA,NA,,10.598092555999756,0.00012530647218227385,-2.656161737442017,0.0,0.00012429332
NA,NA,,11.442902755737304,-0.001795331877656281,-2.654696488380432,0.00068359375,0.0024932092
NA,NA,,11.014225006103516,-0.0004350025206804276,-2.653361463546753,0.004296875,0.0042983782
NA,NA,,11.115964221954346,-0.0005933122709393501,-2.649652028083801,0.05712890625,0.009403359
NA,NA,,10.708568000793457,-0.00018275410402566195,-2.6468355655670166,0.0,0.0005438392
NA,NA,,10.253767204284667,-0.0012666348833590747,-2.6448020696640016,0.00107421875,0.0029165563
NA,NA,,11.14064655303955,0.0009622306097298861,-2.641558289527893,0.0013671875,0.0026910624
NA,NA,,11.404919147491455,-0.001138780126348138,-2.639728617668152,0.00556640625,0.004985626
NA,NA,,11.08731918334961,-0.0005188337992876769,-2.6381799221038817,0.00634765625,0.0045932177
NA,NA,,10.539750957489014,-0.0013844898203387856,-2.640748476982117,0.00380859375,0.0038781874
NA,NA,,9.846077728271485,0.00044303585309535265,-2.641611647605896,0.00029296875,0.0018099351
NA,NA,,10.864563369750977,-0.00033031830098479987,-2.6395110368728636,0.0,0.0013067436
NA,NA,,,,,,
NA,NA,,11.365022659301758,-0.002749721147119999,-2.6440541982650756,0.0458984375,0.0110336775
NA,NA,,11.618653106689454,-1.6769161447882653e-06,-2.644120121002197,0.0,3.4283556e-05
NA,NA,,10.971558761596679,-0.0011766607640311122,-2.6425896167755125,9.765625e-05,0.0013449811
NA,NA,,11.0797287940979,-0.00010222108103334904,-2.642118549346924,0.00146484375,0.0025094284
NA,NA,,11.523427581787109,-0.000664108496857807,-2.64116849899292,0.0013671875,0.003398307
NA,NA,,11.752735805511474,-0.005927240941673517,-2.640060043334961,0.04912109375,0.011670945
NA,NA,,10.384052562713624,-0.00015736303757876157,-2.639371228218079,9.765625e-05,0.0015387858
NA,NA,,10.715283298492432,-0.0004541862290352583,-2.639527440071106,0.0,0.0010694561
NA,NA,,10.499746608734132,-0.0044854536652565,-2.640603494644165,0.06796875,0.014102481
NA,NA,,11.286290454864503,-7.377057918347418e-05,-2.639273977279663,0.0,0.0008701627
NA,NA,,10.88260555267334,-0.00025032623670995235,-2.6365188360214233,0.0,0.00045981992
NA,NA,,9.787862968444824,-0.0006731742760166526,-2.6326714038848875,0.00126953125,0.0029967157
NA,NA,,12.04157600402832,0.0003175815334543586,-2.6269997358322144,0.00107421875,0.002384356
NA,NA,,10.839393711090088,-0.0020706332754343746,-2.6237205982208254,0.0345703125,0.009417262
NA,NA,,11.264887523651122,-0.0013548313407227397,-2.6205985069274904,0.00234375,0.0035049273
NA,NA,,10.249374198913575,-2.7864892035722733e-05,-2.61902437210083,9.765625e-05,0.0017585359
NA,NA,,10.411390686035157,-0.0014228124869987368,-2.6171539306640623,0.0140625,0.005848361
NA,NA,,11.36755313873291,-0.0003410168457776308,-2.6148660659790037,9.765625e-05,0.0011583569
NA,NA,,,,,,
NA,NA,,11.09283447265625,-3.854972310364246e-05,-2.6138789653778076,0.00986328125,0.0052320613
NA,NA,,11.510919952392578,-0.0014307183912023902,-2.6148533821105957,0.07119140625,0.009670447
NA,NA,,11.234839630126952,-0.0020039269467815755,-2.6167795419692994,0.05068359375,0.0098870415
NA,NA,,11.143325901031494,-0.0002804304473102093,-2.6191557168960573,0.0,0.001247457
NA,NA,,10.372000122070313,-0.0011452518636360764,-2.62143497467041,0.001171875,0.0025956659
NA,NA,,11.77774486541748,-0.002427572035230696,-2.6219199657440186,0.02607421875,0.0075101545
NA,NA,,11.222377109527589,-0.0017180253984406591,-2.6215782165527344,0.01318359375,0.006528266
NA,NA,,10.683177375793457,-0.0007515052566304803,-2.6216421127319336,0.00966796875,0.005084283
NA,NA,,10.976202583312988,0.0001392485573887825,-2.6231486797332764,0.0,0.0005859701
NA,NA,,10.464037990570068,-0.0018275971291586758,-2.624518871307373,0.00458984375,0.0046060495
NA,NA,,10.177222537994385,-0.0005926841637119651,-2.625466299057007,0.01611328125,0.0059234323
NA,NA,,10.649853229522705,-0.0019439355237409472,-2.625018358230591,0.01552734375,0.0065456694
NA,NA,,10.420073223114013,-0.0025947536807507275,-2.6231736183166503,0.0298828125,0.009180782
NA,NA,,10.727552795410157,0.00026254490949213506,-2.6218515396118165,0.0,0.00017068797
NA,NA,,10.818792915344238,-0.0017737635178491473,-2.6209957599639893,0.01220703125,0.0059370007
NA,NA,,10.842415904998779,-3.565610386431217e-05,-2.6190305233001707,0.0,0.0010433403
NA,NA,,10.873845767974853,-0.0033223665785044433,-2.61790018081665,0.122265625,0.017129073
NA,NA,,10.958519649505615,-0.0011709444923326373,-2.616865038871765,0.01484375,0.006321073
NA,NA,,10.308383560180664,-0.0016508969711139798,-2.6143582820892335,0.01416015625,0.0072559966
NA,NA,,,,,,
NA,NA,,10.444121837615967,-0.0010918670799583198,-2.6058372497558593,0.00107421875,0.0030246263
NA,NA,,11.064175510406494,-0.0006215999834239483,-2.6042962074279785,0.009765625,0.004941004
NA,NA,,10.876508903503417,-0.0012731502763926982,-2.6044797897338867,0.01298828125,0.0066320887
NA,NA,,10.674055480957032,-0.001877368288114667,-2.6028589487075804,0.0046875,0.0051952424
NA,NA,,10.07896966934204,0.00046404697932302954,-2.6033178091049196,0.0166015625,0.004841523
NA,NA,,10.909959888458252,-0.0016421261825598776,-2.601741099357605,0.01796875,0.0071161273
NA,NA,,11.148539543151855,-0.0012787688989192247,-2.6012799739837646,0.02333984375,0.006775241
NA,NA,,11.22385139465332,-0.00035802824422717097,-2.5987879037857056,0.0,0.001032701
NA,NA,,11.30621566772461,-0.0002150899264961481,-2.5944971323013304,0.0,0.0015431491
NA,NA,,10.797075080871583,-0.0038992830319330095,-2.592484450340271,0.06630859375,0.013347843
NA,NA,,11.07195405960083,-0.0013966308091767133,-2.591199445724487,0.00107421875,0.0029464606
NA,NA,,11.149186134338379,-0.0005587937077507377,-2.588986706733704,0.01171875,0.0047509675
NA,NA,,11.304667949676514,-0.0014469459420070052,-2.5894279956817625,0.0017578125,0.0034643428
NA,NA,,11.490761756896973,4.0997168980538845e-05,-2.5901612043380737,0.0005859375,0.0023288273
NA,NA,,10.201277446746825,-0.000699992012232542,-2.590637373924255,0.00029296875,0.0021937343
NA,NA,,10.689082431793214,0.0002462233882397413,-2.5907727241516114,0.01416015625,0.0046249013
NA,NA,,9.808304786682129,-0.0019013670971617103,-2.590117907524109,0.03642578125,0.009336408
NA,NA,,11.169453239440918,-0.002459077548701316,-2.589697074890137,0.0158203125,0.007836851
NA,NA,,,,,,
NA,NA,,10.587312126159668,-0.002045544399879873,-2.5841797590255737,0.00927734375,0.0057364646
NA,NA,,10.096305847167969,-0.0005266397609375417,-2.5825645446777346,0.01357421875,0.0058480115
NA,NA,,10.734700393676757,0.0003190231043845415,-2.58103768825531,0.0005859375,0.0025986093
NA,NA,,11.006000900268555,-0.0011491694720461964,-2.5796540498733522,0.0015625,0.002862052
NA,NA,,10.349053287506104,-0.0012603056617081164,-2.579313373565674,0.0142578125,0.0065599824
NA,NA,,10.71503562927246,-0.0015963561832904815,-2.5784606456756594,0.01337890625,0.0068870974
NA,NA,,10.504526138305664,-0.0017731739673763514,-2.576927137374878,0.0345703125,0.00851634
NA,NA,,10.570427989959716,-0.0012602577917277813,-2.5751478910446166,0.000390625,0.002295247
NA,NA,,9.878815841674804,-0.0010665607172995807,-2.5751903533935545,0.02431640625,0.006359149
NA,NA,,11.222779560089112,-0.0015448231133632362,-2.5745320558547973,0.0025390625,0.0034176768
NA,NA,,10.599009704589843,0.00022755736717954277,-2.5743336200714113,0.00263671875,0.002688909
NA,NA,,10.338061904907226,-0.0012969904812052846,-2.5746776342391966,0.0060546875,0.0048165233
NA,NA,,11.15190601348877,-0.00012332031037658452,-2.576175308227539,9.765625e-05,0.0011900004
NA,NA,,10.306139087677002,-0.0002210212405771017,-2.580517578125,0.0,0.0011303413
NA,NA,,10.554848766326904,-0.00026592081412672995,-2.583192729949951,0.00673828125,0.0043458305
NA,NA,,10.708054065704346,-0.0009712477680295706,-2.5881832361221315,0.0076171875,0.0048680915
NA,NA,,9.934412097930908,4.671171773225069e-05,-2.593990993499756,0.0,0.001155677
NA,NA,,9.996032333374023,-0.0029360685730352998,-2.599243950843811,0.02021484375,0.008696571
NA,NA,,9.803023338317871,0.00030528702773153783,-2.6023873329162597,0.00068359375,0.0021328256
NA,NA,,,,,,
NA,NA,,10.570302867889405,-0.0024988198187202216,-2.6061574935913088,0.01259765625,0.0062434254
NA,NA,,10.517145252227783,-7.775801932439209e-05,-2.606248307228088,0.026953125,0.006340856
NA,NA,,10.26604928970337,-6.25943997874856e-05,-2.604879951477051,0.0,0.00028718688
NA,NA,,10.502002239227295,-0.0016767044086009263,-2.602312970161438,0.03115234375,0.008274917
NA,NA,,11.079706001281739,-0.0007646605605259538,-2.5994903564453127,0.00029296875,0.002321743
NA,NA,,10.928387928009034,-1.431345008313656e-05,-2.5965092897415163,0.0,0.001427226
NA,NA,,10.374715042114257,-0.0012717480305582285,-2.5936030626296995,0.00146484375,0.0034701242
NA,NA,,10.650805187225341,0.00043019007425755263,-2.5921871185302736,0.0,0.00024282356
NA,NA,,10.90766429901123,-0.0010923572117462754,-2.591697406768799,0.00263671875,0.0034572799
NA,NA,,10.834440422058105,-0.001566149527207017,-2.5897170066833497,0.03544921875,0.007981571
NA,NA,,10.05623779296875,-0.001626946683973074,-2.5879478454589844,0.00830078125,0.005627701
NA,NA,,10.797795677185059,-0.0012822641991078853,-2.5882016897201536,0.03349609375,0.00798078
NA,NA,,10.059531688690186,-0.0013502186629921198,-2.587031364440918,0.02685546875,0.007853443
NA,NA,,10.74304370880127,-0.003097167983651161,-2.5881353616714478,0.03095703125,0.009298349
NA,NA,,11.002461910247803,-0.0003342588664963841,-2.5896355390548704,0.0,0.0019145686
NA,NA,,10.992243766784668,-0.0020319717936217786,-2.589417052268982,0.0515625,0.009556371
NA,NA,,11.569209098815918,-0.0007650236133486032,-2.5879824638366697,0.0033203125,0.0040860805
NA,NA,,10.157319068908691,-0.00019545392133295535,-2.5859506607055662,0.00107421875,0.0027593276
NA,NA,,,,,,
NA,NA,,11.201139450073242,-0.0014000547584146262,-2.584023594856262,0.01904296875,0.006127818
NA,NA,,10.943131637573241,-0.00012838547118008137,-2.583712911605835,0.0,0.00046288501
NA,NA,,10.824692726135254,-0.0042210080660879615,-2.5824459314346315,0.05048828125,0.012338493
NA,NA,,10.49717836380005,-0.00042176670394837855,-2.582920694351196,0.001171875,0.0028617983
NA,NA,,9.785718727111817,-0.0012069951044395566,-2.5814074277877808,0.001953125,0.00326619
NA,NA,,9.690184783935546,-0.003612324735149741,-2.578529381752014,0.05986328125,0.012814948
NA,NA,,10.674414920806885,-0.000836056109983474,-2.573907256126404,0.0005859375,0.0029381712
NA,NA,,10.981038856506348,-0.001167680835351348,-2.5681013584136965,0.0025390625,0.0039089
NA,NA,,9.964731788635254,-0.0019029206596314907,-2.566858100891113,0.066796875,0.010218291
NA,NA,,11.268614864349365,-0.004230181081220507,-2.5677804470062258,0.04765625,0.012600053
NA,NA,,10.242815971374512,0.0003143438836559653,-2.5682135105133055,0.0,0.00018263562
NA,NA,,10.546611404418945,-0.0011640300741419195,-2.5673622846603394,0.03984375,0.008559646
NA,NA,,10.858620262145996,-0.00045513270888477566,-2.5680429935455322,9.765625e-05,0.0012000767
NA,NA,,10.530228424072266,-0.002479640953242779,-2.570326042175293,0.03427734375,0.009909556
NA,NA,,10.831852340698243,-0.0018700613407418131,-2.5725424528121947,0.03271484375,0.0081115505
NA,NA,,10.532794666290282,-0.0010001572081819177,-2.571712017059326,0.0015625,0.002995898
NA,NA,,10.661036682128906,0.00028004588093608616,-2.571166920661926,0.0,0.0010974514
NA,NA,,10.800654411315918,-0.0016273888060823083,-2.5693421363830566,0.00625,0.0051302463
NA,NA,,10.684813690185546,-0.00041058540809899566,-2.5653456449508667,0.01494140625,0.005125416
NA,NA,,,,,,
NA,NA,,10.097239971160889,-0.0021694176830351353,-2.562195658683777,0.0583984375,0.009347775
NA,NA,,9.768330669403076,-0.0014298170804977416,-2.5644968509674073,0.0109375,0.0061085187
NA,NA,,11.459550380706787,-0.00018950249068439007,-2.5674431562423705,0.00576171875,0.0039039354
NA,NA,,11.023930168151855,-0.0016064235707744956,-2.5679860591888426,0.0109375,0.0058701914
NA,NA,,10.84207525253296,4.077097401022911e-06,-2.5681132555007933,0.00234375,0.0032890374
NA,NA,,10.33293399810791,-0.001383175142109394,-2.571058654785156,0.01875,0.0074029444
NA,NA,,10.358800601959228,-0.0018563521327450872,-2.573863649368286,0.01318359375,0.007079889
NA,NA,,9.547009754180909,-0.0007379543036222458,-2.5738707780838013,0.01513671875,0.005693262
NA,NA,,11.11807804107666,-0.0020821148762479426,-2.574197793006897,0.00634765625,0.004508428
NA,NA,,10.348443984985352,0.00021937023848295212,-2.575724458694458,9.765625e-05,0.0015346742
